"SITE_NAME","DATE","TP","TN"
"SRS4",2001-05-23,47,859
"SRS5",2001-05-23,63,194
"SRS6",2001-05-23,59,126
"SRS1a",2001-06-12,64,585
"SRS3",2001-06-12,144,49
"SRS4",2001-06-26,52,741
"SRS5",2001-06-26,50,532
"SRS6",2001-06-26,45,642
"SRS2",2001-07-23,25,31
"SRS3",2001-07-23,22,1247
"SRS4",2001-07-25,21,799
"SRS5",2001-07-25,30,1101
"SRS6",2001-07-25,63,759
"SRS1a",2001-07-31,42,1075
"SRS2",2001-09-05,12,1181
"SRS3",2001-09-05,11,734
"SRS4",2001-09-10,22,801
"SRS5",2001-09-10,10,834
"SRS6",2001-09-10,58,770
"SRS1a",2001-09-13,25,862
"SRS4",2001-10-06,15,379
"SRS5",2001-10-06,31,311
"SRS6",2001-10-06,33,431
"SRS2",2001-10-14,12,751
"SRS3",2001-10-14,10,632
"SRS1a",2001-10-22,9,860
"SRS4",2001-10-31,13,764
"SRS5",2001-10-31,16,989
"SRS6",2001-10-31,76,766
"SRS2",2001-11-19,84,1131
"SRS3",2001-11-19,83,1218
"SRS1a",2001-11-28,1,628
"SRS4",2001-11-28,12,569
"SRS5",2001-11-28,16,522
"SRS6",2001-11-28,33,618
"SRS2",2001-12-13,1,606
"SRS3",2001-12-13,1,666
"SRS4",2001-12-17,14,649
"SRS5",2001-12-17,11,489
"SRS6",2001-12-17,41,828
"SRS1a",2001-12-19,7,655
"SRS2",2002-01-15,22,1020
"SRS3",2002-01-15,1,1248
"SRS1a",2002-01-22,22,554
"SRS4",2002-01-24,33,362
"SRS5",2002-01-24,1,250
"SRS6",2002-01-24,1,639
"SRS2",2002-02-10,1,1010
"SRS3",2002-02-10,1,1063
"SRS4",2002-02-26,20,278
"SRS5",2002-02-26,30,122
"SRS6",2002-02-26,78,123
"SRS1a",2002-02-28,55,217
"SRS2",2002-03-08,38,324
"SRS3",2002-03-08,53,728
"SRS1a",2002-03-28,75,169
"SRS4",2002-04-02,18,174
"SRS5",2002-04-02,39,141
"SRS6",2002-04-02,1,104
"SRS2",2002-04-05,22,682
"SRS3",2002-04-05,15,487
"SRS1a",2002-04-09,41,758
"SRS3",2002-05-07,151,54
"SRS1a",2002-05-08,88,1250
"SRS4",2002-05-13,65,1263
"SRS5",2002-05-13,89,975
"SRS6",2002-05-13,78,857
"SRS2",2002-06-06,42,35
"SRS3",2002-06-06,44,1304
"SRS1a",2002-06-25,18,555
"SRS4",2002-06-27,16,481
"SRS5",2002-06-27,38,150
"SRS6",2002-06-27,31,1124
"SRS2",2002-07-16,59,1243
"SRS3",2002-07-16,34,1272
"SRS4",2002-07-25,32,1287
"SRS5",2002-07-25,15,1175
"SRS6",2002-07-25,41,1049
"SRS1a",2002-07-29,9,1279
"SRS4",2002-08-19,9,712
"SRS5",2002-08-19,11,675
"SRS6",2002-08-19,41,449
"SRS2",2002-08-21,5,841
"SRS3",2002-08-21,1,654
"SRS1a",2002-08-22,4,500
"SRS2",2002-09-24,1,1040
"SRS3",2002-09-24,4,861
"SRS1a",2002-09-25,1,1060
"SRS4",2002-09-26,7,581
"SRS5",2002-09-26,17,578
"SRS6",2002-09-26,1,500
"SRS2",2002-10-18,4,664
"SRS3",2002-10-18,6,611
"SRS4",2002-10-21,11,167
"SRS5",2002-10-21,30,317
"SRS6",2002-10-21,1,348
"SRS1a",2002-10-23,1,524
"SRS2",2002-11-19,7,511
"SRS3",2002-11-19,6,952
"SRS1a",2002-11-20,10,1077
"SRS4",2002-11-21,21,364
"SRS5",2002-11-21,12,808
"SRS6",2002-11-21,24,626
"SRS4",2002-12-17,1,593
"SRS5",2002-12-17,19,641
"SRS6",2002-12-17,1,610
"SRS1a",2002-12-19,79,1194
"SRS2",2002-12-19,20,1141
"SRS3",2002-12-19,8,715
"SRS2",2003-01-17,6,1052
"SRS3",2003-01-17,1,998
"SRS1a",2003-01-21,61,1081
"SRS4",2003-01-23,3,553
"SRS5",2003-01-23,27,295
"SRS6",2003-01-23,29,137
"SRS4",2003-02-18,24,270
"SRS5",2003-02-18,31,466
"SRS6",2003-02-18,40,181
"SRS1a",2003-02-20,78,1213
"SRS2",2003-02-20,11,1337
"SRS3",2003-02-20,24,37
"SRS2",2003-03-25,15,195
"SRS3",2003-03-25,1,345
"SRS1a",2003-03-26,38,1
"SRS4",2003-03-27,25,774
"SRS5",2003-03-27,36,187
"SRS6",2003-03-27,47,268
"SRS4",2003-04-22,27,262
"SRS5",2003-04-22,39,265
"SRS6",2003-04-22,43,203
"SRS1a",2003-04-24,112,1234
"SRS2",2003-04-24,12,23
"SRS3",2003-04-24,34,13
"SRS2",2003-05-15,12,923
"SRS3",2003-05-15,30,403
"SRS4",2003-05-15,52,992
"SRS5",2003-05-15,45,640
"SRS6",2003-05-15,11,260
"SRS1a",2003-05-27,31,1
"SRS2",2003-06-10,5,359
"SRS3",2003-06-10,12,397
"SRS1a",2003-06-17,32,395
"SRS4",2003-06-19,10,595
"SRS5",2003-06-19,32,512
"SRS6",2003-06-19,54,506
"SRS1a",2003-07-23,18,1226
"SRS2",2003-07-24,18,472
"SRS3",2003-07-24,1,853
"SRS4",2003-07-30,27,974
"SRS5",2003-07-30,31,422
"SRS6",2003-07-30,51,349
"SRS4",2003-08-11,13,248
"SRS5",2003-08-11,17,706
"SRS6",2003-08-11,50,579
"SRS1a",2003-08-18,17,6
"SRS2",2003-08-18,4,781
"SRS3",2003-08-18,11,873
"SRS1a",2003-09-09,12,537
"SRS2",2003-09-09,11,369
"SRS3",2003-09-09,11,478
"SRS4",2003-09-11,16,375
"SRS5",2003-09-11,18,363
"SRS6",2003-09-11,35,188
"SRS4",2003-10-07,24,176
"SRS5",2003-10-07,17,336
"SRS6",2003-10-07,33,404
"SRS1a",2003-10-08,8,547
"SRS2",2003-10-16,8,239
"SRS3",2003-10-16,9,335
"SRS4",2003-11-06,68,812
"SRS5",2003-11-06,35,223
"SRS6",2003-11-06,28,155
"SRS2",2003-11-10,17,435
"SRS3",2003-11-10,19,269
"SRS1a",2003-11-11,11,310
"SRS1a",2003-12-03,3,890
"SRS4",2003-12-04,18,173
"SRS5",2003-12-04,17,233
"SRS6",2003-12-04,33,232
"SRS2",2003-12-09,7,502
"SRS3",2003-12-09,6,333
"SRS2",2004-01-06,13,454
"SRS3",2004-01-06,7,402
"SRS4",2004-01-12,16,241
"SRS5",2004-01-12,17,568
"SRS6",2004-01-12,30,179
"SRS1a",2004-01-26,21,254
"SRS4",2004-02-09,17,528
"SRS5",2004-02-09,12,575
"SRS6",2004-02-09,17,444
"SRS1a",2004-02-10,32,323
"SRS2",2004-02-10,13,1135
"SRS3",2004-02-10,8,601
"SRS2",2004-03-15,9,1146
"SRS3",2004-03-15,7,651
"SRS4",2004-03-16,6,663
"SRS5",2004-03-16,22,414
"SRS6",2004-03-16,1,347
"SRS1a",2004-03-23,30,495
"SRS4",2004-04-06,22,274
"SRS5",2004-04-06,26,294
"SRS6",2004-04-06,28,152
"SRS1a",2004-04-19,86,1
"SRS4",2004-05-03,29,377
"SRS5",2004-05-03,35,280
"SRS6",2004-05-03,47,304
"SRS1a",2004-05-05,1,1
"SRS2",2004-05-05,13,4
"SRS3",2004-05-05,27,838
"SRS4",2004-06-02,31,415
"SRS5",2004-06-02,50,300
"SRS6",2004-06-02,33,384
"SRS1a",2004-06-24,89,354
"SRS2",2004-06-24,19,1285
"SRS3",2004-06-24,25,65
"SRS1a",2004-07-15,43,544
"SRS4",2004-07-20,42,165
"SRS5",2004-07-20,31,392
"SRS6",2004-07-20,1,264
"SRS2",2004-07-29,26,1094
"SRS3",2004-07-29,26,182
"SRS4",2004-08-16,32,501
"SRS5",2004-08-16,28,967
"SRS6",2004-08-16,44,1095
"SRS2",2004-08-17,1,824
"SRS3",2004-08-17,20,548
"SRS1a",2004-08-19,40,986
"SRS4",2004-09-01,29,920
"SRS5",2004-09-01,23,709
"SRS6",2004-09-01,41,708
"SRS1a",2004-09-08,17,380
"SRS2",2004-09-08,9,383
"SRS3",2004-09-08,1,132
"SRS4",2004-10-13,16,236
"SRS5",2004-10-13,34,207
"SRS6",2004-10-13,1,178
"SRS1a",2004-10-14,9,408
"SRS2",2004-10-14,10,463
"SRS3",2004-10-14,10,171
"SRS4",2004-11-16,10,292
"SRS5",2004-11-16,17,237
"SRS6",2004-11-16,31,222
"SRS2",2004-11-17,8,795
"SRS3",2004-11-17,8,458
"SRS1a",2004-11-22,9,467
"SRS4",2004-12-02,22,271
"SRS5",2004-12-02,1,275
"SRS6",2004-12-02,33,340
"SRS1a",2004-12-07,1,308
"SRS2",2004-12-07,1,418
"SRS3",2004-12-07,1,164
"SRS1a",2005-01-04,20,863
"SRS1c",2005-01-04,6,1021
"SRS3",2005-01-05,1,692
"SRS4",2005-01-06,7,676
"SRS5",2005-01-06,21,426
"SRS6",2005-01-06,43,124
"SRS2",2005-01-12,10,972
"SRS1c",2005-02-16,17,1047
"SRS2",2005-02-16,8,818
"SRS3",2005-02-16,21,1299
"SRS4",2005-02-21,28,208
"SRS5",2005-02-21,44,428
"SRS6",2005-02-21,41,293
"SRS4",2005-03-09,33,796
"SRS5",2005-03-09,32,662
"SRS6",2005-03-09,49,204
"SRS2",2005-03-16,24,66
"SRS3",2005-03-16,20,1346
"SRS2",2005-04-13,12,148
"SRS3",2005-04-13,44,96
"SRS4",2005-04-19,49,407
"SRS5",2005-04-19,68,684
"SRS6",2005-04-19,74,183
"SRS4",2005-05-18,34,560
"SRS5",2005-05-18,41,406
"SRS6",2005-05-18,63,326
"SRS1c",2005-05-23,1,783
"SRS3",2005-05-23,74,1067
"SRS4",2005-06-29,40,320
"SRS5",2005-06-29,67,286
"SRS6",2005-06-29,46,417
"SRS1c",2005-06-30,21,625
"SRS2",2005-06-30,40,372
"SRS3",2005-06-30,42,220
"SRS1c",2005-07-18,23,503
"SRS2",2005-07-18,15,437
"SRS3",2005-07-18,25,499
"SRS4",2005-07-21,28,400
"SRS5",2005-07-21,38,438
"SRS6",2005-07-21,59,209
"SRS1c",2005-08-23,11,798
"SRS2",2005-08-23,14,1214
"SRS3",2005-08-23,13,1251
"SRS4",2005-09-13,13,307
"SRS5",2005-09-13,51,240
"SRS6",2005-09-13,82,162
"SRS1c",2005-09-23,1,1148
"SRS2",2005-09-23,12,1029
"SRS3",2005-09-23,11,517
"SRS4",2005-10-11,10,249
"SRS5",2005-10-11,23,374
"SRS6",2005-10-11,54,251
"SRS1c",2005-10-18,28,153
"SRS2",2005-10-18,27,231
"SRS3",2005-10-18,26,142
"SRS1c",2005-11-10,14,244
"SRS2",2005-11-10,14,144
"SRS3",2005-11-10,11,134
"SRS4",2005-11-15,60,190
"SRS5",2005-11-15,57,446
"SRS6",2005-11-15,140,160
"SRS4",2005-12-08,27,360
"SRS5",2005-12-08,43,267
"SRS6",2005-12-08,89,196
"SRS1c",2005-12-19,131,185
"SRS2",2005-12-19,22,513
"SRS3",2005-12-19,24,474
"SRS4",2006-01-03,25,523
"SRS5",2006-01-03,52,253
"SRS6",2006-01-03,76,168
"SRS1c",2006-01-05,23,510
"SRS1d",2006-01-05,17,420
"SRS2",2006-01-17,18,172
"SRS3",2006-01-17,18,833
"SRS4",2006-02-02,96,313
"SRS5",2006-02-02,58,387
"SRS6",2006-02-02,70,161
"SRS1d",2006-02-09,71,282
"SRS2",2006-02-09,85,177
"SRS3",2006-02-09,86,243
"SRS1d",2006-03-02,42,809
"SRS2",2006-03-02,26,516
"SRS3",2006-03-02,27,299
"SRS4",2006-03-09,54,252
"SRS5",2006-03-09,54,245
"SRS6",2006-03-09,73,163
"SRS1d",2006-04-06,42,521
"SRS2",2006-04-06,39,988
"SRS3",2006-04-06,63,736
"SRS4",2006-04-11,137,166
"SRS5",2006-04-11,95,218
"SRS6",2006-04-11,90,136
"SRS4",2006-05-04,133,229
"SRS5",2006-05-04,125,189
"SRS6",2006-05-04,134,114
"SRS1d",2006-05-16,136,33
"SRS2",2006-05-16,116,18
"SRS3",2006-05-16,150,1159
"SRS4",2006-06-06,81,242
"SRS5",2006-06-06,73,175
"SRS6",2006-06-06,84,103
"SRS1d",2006-06-15,41,670
"SRS2",2006-06-15,37,748
"SRS3",2006-06-15,37,225
"SRS1d",2006-07-25,21,235
"SRS4",2006-07-26,57,361
"SRS5",2006-07-26,38,425
"SRS6",2006-07-26,57,330
"SRS2",2006-07-31,27,358
"SRS3",2006-07-31,38,635
"SRS4",2006-08-21,22,289
"SRS5",2006-08-21,38,483
"SRS6",2006-08-21,107,246
"SRS1d",2006-09-01,14,154
"SRS2",2006-09-01,15,332
"SRS3",2006-09-01,17,193
"SRS4",2006-09-14,39,475
"SRS5",2006-09-14,96,591
"SRS6",2006-09-14,110,600
"SRS1d",2006-09-21,51,256
"SRS2",2006-09-21,18,1076
"SRS3",2006-09-21,17,814
"SRS1d",2006-10-09,13,567
"SRS2",2006-10-09,15,583
"SRS3",2006-10-09,13,330
"SRS4",2006-10-16,20,291
"SRS5",2006-10-16,48,309
"SRS6",2006-10-16,84,248
"SRS1d",2006-11-13,23,790
"SRS2",2006-11-13,36,729
"SRS3",2006-11-13,30,287
"SRS4",2006-11-20,43,346
"SRS5",2006-11-20,43,373
"SRS6",2006-11-20,98,258
"SRS1d",2006-12-07,30,1011
"SRS2",2006-12-07,33,1064
"SRS3",2006-12-07,27,746
"SRS4",2006-12-11,33,638
"SRS5",2006-12-11,40,318
"SRS6",2006-12-11,73,281
"SRS4",2007-01-17,35,753
"SRS5",2007-01-17,70,316
"SRS6",2007-01-17,65,180
"SRS1d",2007-01-18,36,1168
"SRS2",2007-01-18,31,1262
"SRS3",2007-01-18,26,1084
"SRS1d",2007-02-01,13,807
"SRS2",2007-02-01,20,1118
"SRS3",2007-02-01,18,980
"SRS4",2007-02-07,38,427
"SRS5",2007-02-07,1,303
"SRS6",2007-02-07,49,226
"SRS1d",2007-03-19,24,1344
"SRS2",2007-03-19,30,1319
"SRS3",2007-03-19,84,59
"SRS4",2007-03-27,49,473
"SRS5",2007-03-27,80,396
"SRS6",2007-03-27,86,261
"SRS4",2007-04-26,55,620
"SRS5",2007-04-26,36,138
"SRS6",2007-04-26,97,88
"SRS1d",2007-04-27,145,1240
"SRS2",2007-04-27,28,671
"SRS3",2007-04-27,24,552
"SRS4",2007-05-22,35,773
"SRS5",2007-05-22,1,599
"SRS6",2007-05-22,72,283
"SRS1d",2007-05-24,22,1270
"SRS2",2007-05-24,37,1277
"SRS3",2007-05-24,25,1083
"SRS4",2007-06-18,35,334
"SRS5",2007-06-18,39,328
"SRS6",2007-06-18,82,443
"SRS1d",2007-06-20,95,447
"SRS2",2007-06-20,92,691
"SRS3",2007-06-20,109,865
"SRS4",2007-07-10,141,413
"SRS5",2007-07-10,72,479
"SRS6",2007-07-10,87,429
"SRS1d",2007-07-26,16,919
"SRS2",2007-07-26,11,1384
"SRS3",2007-07-26,12,1050
"SRS4",2007-08-07,31,545
"SRS5",2007-08-07,79,1311
"SRS6",2007-08-07,85,737
"SRS1d",2007-08-08,19,1125
"SRS2",2007-08-08,15,1080
"SRS3",2007-08-08,16,804
"SRS1d",2007-09-05,14,726
"SRS2",2007-09-05,9,898
"SRS3",2007-09-05,13,831
"SRS4",2007-09-10,15,325
"SRS5",2007-09-10,55,381
"SRS6",2007-09-10,79,477
"SRS4",2007-10-03,61,288
"SRS5",2007-10-03,81,623
"SRS6",2007-10-03,119,365
"SRS1d",2007-10-08,28,440
"SRS2",2007-10-08,46,889
"SRS3",2007-10-08,40,302
"SRS4",2007-11-07,31,955
"SRS5",2007-11-07,57,617
"SRS6",2007-11-07,92,399
"SRS1d",2007-11-19,24,1238
"SRS2",2007-11-19,16,1089
"SRS3",2007-11-19,16,883
"SRS4",2007-12-03,28,1018
"SRS5",2007-12-03,48,775
"SRS6",2007-12-03,38,414
"SRS1d",2007-12-05,20,1136
"SRS2",2007-12-05,13,1152
"SRS3",2007-12-05,14,900
"SRS1d",2008-01-10,23,1320
"SRS2",2008-01-10,21,1264
"SRS3",2008-01-10,15,1278
"SRS4",2008-01-22,66,756
"SRS5",2008-01-22,61,915
"SRS6",2008-01-22,60,784
"SRS4",2008-02-18,69,643
"SRS5",2008-02-18,64,456
"SRS6",2008-02-18,92,666
"SRS1d",2008-02-28,9,191
"SRS2",2008-02-28,13,106
"SRS3",2008-02-28,32,116
"SRS4",2008-03-18,76,1009
"SRS5",2008-03-18,85,994
"SRS6",2008-03-18,48,140
"SRS1d",2008-03-31,18,146
"SRS2",2008-03-31,12,1297
"SRS3",2008-03-31,58,90
"SRS1d",2008-04-10,11,1332
"SRS2",2008-04-10,6,1257
"SRS3",2008-04-10,30,1300
"SRS4",2008-04-17,48,656
"SRS5",2008-04-17,37,745
"SRS6",2008-04-17,81,434
"SRS1d",2008-05-20,15,63
"SRS2",2008-05-20,14,56
"SRS3",2008-05-20,63,1288
"SRS4",2008-05-27,59,594
"SRS5",2008-05-27,66,410
"SRS6",2008-05-27,82,210
"SRS4",2008-06-12,57,520
"SRS5",2008-06-12,73,370
"SRS6",2008-06-12,78,197
"SRS1d",2008-06-24,30,306
"SRS2",2008-06-24,46,612
"SRS3",2008-06-24,66,876
"SRS4",2008-07-02,67,705
"SRS5",2008-07-02,143,660
"SRS6",2008-07-02,70,393
"SRS1d",2008-07-09,22,391
"SRS2",2008-07-09,28,653
"SRS3",2008-07-09,34,482
"SRS4",2008-08-04,62,674
"SRS5",2008-08-04,34,519
"SRS6",2008-08-04,73,119
"SRS1d",2008-08-06,40,485
"SRS2",2008-08-06,31,219
"SRS3",2008-08-06,36,234
"SRS1d",2008-09-15,56,315
"SRS2",2008-09-15,21,327
"SRS3",2008-09-15,32,488
"SRS4",2008-09-25,51,121
"SRS5",2008-09-25,90,214
"SRS6",2008-09-25,98,284
"SRS1d",2008-10-06,13,125
"SRS2",2008-10-06,20,186
"SRS3",2008-10-06,10,118
"SRS4",2008-10-21,16,221
"SRS5",2008-10-21,60,120
"SRS6",2008-10-21,35,112
"SRS1d",2008-11-03,5,170
"SRS2",2008-11-03,9,421
"SRS3",2008-11-03,8,386
"SRS4",2008-11-17,15,266
"SRS5",2008-11-17,22,200
"SRS6",2008-11-17,27,156
"SRS1d",2008-12-02,11,77
"SRS2",2008-12-02,12,1
"SRS3",2008-12-02,24,263
"SRS4",2008-12-03,10,276
"SRS5",2008-12-03,83,1197
"SRS6",2008-12-03,21,215
"SRS1d",2009-01-05,13,667
"SRS2",2009-01-05,12,445
"SRS3",2009-01-05,12,298
"SRS4",2009-01-07,21,541
"SRS5",2009-01-07,35,314
"SRS6",2009-01-07,61,201
"SRS1d",2009-02-02,31,109
"SRS2",2009-02-02,29,15
"SRS3",2009-02-02,46,1324
"SRS4",2009-02-04,32,1193
"SRS5",2009-02-04,33,84
"SRS6",2009-02-04,50,1001
"SRS1d",2009-03-02,28,81
"SRS2",2009-03-02,22,105
"SRS3",2009-03-02,26,1356
"SRS4",2009-03-04,32,1348
"SRS5",2009-03-04,48,1022
"SRS6",2009-03-04,78,471
"SRS1d",2009-04-01,45,108
"SRS2",2009-04-01,33,149
"SRS3",2009-04-01,83,87
"SRS4",2009-04-06,60,20
"SRS5",2009-04-06,69,1298
"SRS6",2009-04-06,84,787
"SRS4",2009-05-06,51,948
"SRS5",2009-05-06,45,689
"SRS6",2009-05-06,69,32
"SRS3",2009-05-12,45,806
"SRS4",2009-06-03,34,1061
"SRS5",2009-06-03,36,133
"SRS6",2009-06-03,30,343
"SRS1d",2009-06-29,16,58
"SRS2",2009-06-29,19,1392
"SRS3",2009-06-29,30,1139
"SRS4",2009-07-02,26,1162
"SRS5",2009-07-02,43,1211
"SRS6",2009-07-02,75,785
"SRS1d",2009-07-16,12,1330
"SRS2",2009-07-16,15,101
"SRS3",2009-07-16,15,1100
"SRS1d",2009-08-10,28,964
"SRS2",2009-08-10,23,761
"SRS3",2009-08-10,16,497
"SRS4",2009-08-12,1,525
"SRS5",2009-08-12,153,480
"SRS6",2009-08-12,97,206
"SRS4",2009-09-02,32,539
"SRS5",2009-09-02,40,680
"SRS6",2009-09-02,56,371
"SRS1d",2009-09-09,27,698
"SRS2",2009-09-09,22,926
"SRS3",2009-09-09,17,987
"SRS1d",2009-10-05,2,145
"SRS2",2009-10-05,11,322
"SRS3",2009-10-05,15,1153
"SRS4",2009-10-12,112,89
"SRS5",2009-10-12,60,3
"SRS6",2009-10-12,57,2
"SRS4",2009-11-02,32,1
"SRS5",2009-11-02,52,1170
"SRS6",2009-11-02,82,871
"SRS1d",2009-11-09,22,1161
"SRS2",2009-11-09,27,1350
"SRS3",2009-11-09,35,1393
"SRS1d",2009-12-07,7,1362
"SRS2",2009-12-07,19,85
"SRS3",2009-12-07,10,72
"SRS4",2009-12-09,11,1394
"SRS5",2009-12-09,89,25
"SRS6",2009-12-09,52,1296
"SRS4",2010-01-11,16,8
"SRS5",2010-01-11,24,1335
"SRS6",2010-01-11,33,52
"SRS1d",2010-01-14,13,99
"SRS2",2010-01-14,15,230
"SRS3",2010-01-14,13,158
"SRS1d",2010-02-01,41,1090
"SRS2",2010-02-01,54,130
"SRS3",2010-02-01,44,82
"SRS4",2010-02-03,55,1333
"SRS5",2010-02-03,67,1087
"SRS6",2010-02-03,132,596
"SRS4",2010-03-03,29,1374
"SRS5",2010-03-03,43,1104
"SRS6",2010-03-03,42,954
"SRS1d",2010-03-10,13,64
"SRS2",2010-03-10,20,1
"SRS3",2010-03-10,21,159
"SRS1d",2010-04-07,11,94
"SRS2",2010-04-07,20,135
"SRS3",2010-04-07,27,157
"SRS4",2010-04-21,45,14
"SRS5",2010-04-21,61,1190
"SRS6",2010-04-21,86,874
"SRS1d",2010-05-05,25,1265
"SRS2",2010-05-05,18,1385
"SRS3",2010-05-05,33,17
"SRS4",2010-05-24,63,1371
"SRS5",2010-05-24,66,738
"SRS6",2010-05-24,84,718
"SRS4",2010-06-14,58,1321
"SRS5",2010-06-14,49,1013
"SRS6",2010-06-14,70,634
"SRS1d",2010-06-16,24,1308
"SRS2",2010-06-16,17,98
"SRS3",2010-06-16,25,80
"SRS1d",2010-07-07,13,797
"SRS2",2010-07-07,18,1028
"SRS3",2010-07-07,25,1045
"SRS4",2010-07-19,29,866
"SRS5",2010-07-19,69,685
"SRS6",2010-07-19,90,385
"SRS1d",2010-08-09,14,423
"SRS2",2010-08-09,21,530
"SRS3",2010-08-09,33,590
"SRS4",2010-08-11,23,944
"SRS5",2010-08-11,29,886
"SRS6",2010-08-11,45,661
"SRS1d",2010-09-07,10,1051
"SRS2",2010-09-07,16,61
"SRS3",2010-09-07,16,1041
"SRS4",2010-09-09,26,945
"SRS5",2010-09-09,34,969
"SRS6",2010-09-09,36,813
"SRS1d",2010-10-04,22,1204
"SRS2",2010-10-04,28,1323
"SRS3",2010-10-04,25,1224
"SRS4",2010-10-06,19,1196
"SRS5",2010-10-06,22,1140
"SRS6",2010-10-06,41,1119
"SRS1d",2010-11-01,18,355
"SRS2",2010-11-01,8,1074
"SRS3",2010-11-01,8,786
"SRS4",2010-11-22,17,614
"SRS5",2010-11-22,26,895
"SRS6",2010-11-22,36,390
"SRS1d",2010-12-01,17,868
"SRS2",2010-12-01,10,1158
"SRS3",2010-12-01,14,910
"SRS4",2010-12-13,20,924
"SRS5",2010-12-13,39,505
"SRS6",2010-12-13,42,342
"SRS1d",2011-01-04,22,827
"SRS2",2011-01-04,24,1200
"SRS3",2011-01-04,26,789
"SRS4",2011-01-11,41,956
"SRS5",2011-01-11,58,792
"SRS6",2011-01-11,148,508
"SRS1d",2011-02-02,19,1389
"SRS2",2011-02-02,21,16
"SRS3",2011-02-02,27,1364
"SRS4",2011-02-08,33,1274
"SRS5",2011-02-08,49,1097
"SRS6",2011-02-08,44,652
"SRS1d",2011-03-01,28,28
"SRS2",2011-03-01,28,93
"SRS3",2011-03-01,30,41
"SRS4",2011-03-07,32,1169
"SRS5",2011-03-07,89,719
"SRS6",2011-03-07,40,344
"SRS3",2011-04-12,98,1366
"SRS4",2011-04-13,43,1096
"SRS5",2011-04-13,36,724
"SRS6",2011-04-13,50,1212
"SRS4",2011-05-04,31,597
"SRS5",2011-05-04,54,846
"SRS6",2011-05-04,51,678
"SRS3",2011-05-12,76,1367
"SRS4",2011-06-01,34,1143
"SRS5",2011-06-01,38,1216
"SRS6",2011-06-01,85,998
"SRS3",2011-06-14,107,1318
"SRS4",2011-07-06,37,1054
"SRS5",2011-07-06,54,772
"SRS6",2011-07-06,55,514
"SRS2",2011-07-13,34,47
"SRS3",2011-07-13,47,39
"SRS4",2011-08-04,28,1325
"SRS5",2011-08-04,49,1071
"SRS6",2011-08-04,38,665
"SRS1d",2011-08-05,15,42
"SRS2",2011-08-05,10,1292
"SRS3",2011-08-05,18,1310
"SRS4",2011-09-01,24,1111
"SRS5",2011-09-01,45,970
"SRS6",2011-09-01,71,681
"SRS1d",2011-09-07,14,1269
"SRS2",2011-09-07,12,1191
"SRS3",2011-09-07,15,922
"SRS4",2011-10-06,20,1004
"SRS5",2011-10-06,49,1113
"SRS6",2011-10-06,52,962
"SRS1d",2011-10-12,18,1336
"SRS2",2011-10-12,13,1228
"SRS3",2011-10-12,12,977
"SRS4",2011-11-01,29,464
"SRS5",2011-11-01,37,771
"SRS6",2011-11-01,54,842
"SRS1d",2011-11-07,24,936
"SRS2",2011-11-07,14,605
"SRS3",2011-11-07,21,416
"SRS4",2011-12-01,25,848
"SRS5",2011-12-01,38,917
"SRS6",2011-12-01,41,630
"SRS1d",2011-12-14,33,1220
"SRS2",2011-12-14,36,1258
"SRS3",2011-12-14,21,1027
"SRS4",2012-01-05,26,1174
"SRS5",2012-01-05,39,1188
"SRS6",2012-01-05,40,894
"SRS1d",2012-01-10,19,1282
"SRS2",2012-01-10,16,1276
"SRS3",2012-01-10,22,1203
"SRS1d",2012-02-01,36,1112
"SRS3",2012-02-01,10,963
"SRS2",2012-02-15,22,1229
"SRS4",2012-02-15,34,1246
"SRS5",2012-02-15,52,1178
"SRS6",2012-02-15,46,367
"SRS2",2012-03-01,1,1380
"SRS3",2012-03-01,1,1306
"SRS1d",2012-03-02,1,27
"SRS4",2012-03-06,1,1252
"SRS5",2012-03-06,24,1185
"SRS6",2012-03-06,32,933
"SRS4",2012-04-10,46,959
"SRS5",2012-04-10,46,453
"SRS6",2012-04-10,52,255
"SRS2",2012-04-12,38,115
"SRS3",2012-04-12,103,7
"SRS1d",2012-05-07,31,21
"SRS2",2012-05-07,21,1303
"SRS3",2012-05-07,27,1082
"SRS4",2012-05-08,42,21
"SRS5",2012-05-08,46,577
"SRS6",2012-05-08,58,321
"SRS1d",2012-06-19,22,1208
"SRS2",2012-06-19,13,1121
"SRS3",2012-06-19,17,816
"SRS4",2012-06-25,52,947
"SRS5",2012-06-25,53,650
"SRS6",2012-06-25,78,776
"SRS4",2012-07-10,27,1033
"SRS5",2012-07-10,44,1106
"SRS6",2012-07-10,57,1025
"SRS1d",2012-07-17,10,983
"SRS2",2012-07-17,12,780
"SRS3",2012-07-17,14,916
"SRS4",2012-08-08,25,934
"SRS5",2012-08-08,46,904
"SRS6",2012-08-08,57,722
"SRS1d",2012-08-14,21,1244
"SRS2",2012-08-14,15,1326
"SRS3",2012-08-14,14,906
"SRS4",2012-09-10,24,644
"SRS5",2012-09-10,50,870
"SRS6",2012-09-10,65,465
"SRS1d",2012-09-14,18,1241
"SRS2",2012-09-14,14,53
"SRS3",2012-09-14,15,932
"SRS1d",2012-10-10,17,571
"SRS2",2012-10-10,14,937
"SRS3",2012-10-10,15,341
"SRS4",2012-10-17,34,257
"SRS5",2012-10-17,124,459
"SRS6",2012-10-17,67,376
"SRS1d",2012-11-01,19,701
"SRS2",2012-11-01,21,839
"SRS3",2012-11-01,13,559
"SRS4",2012-11-13,30,815
"SRS5",2012-11-13,54,908
"SRS6",2012-11-13,50,389
"SRS1d",2012-12-17,28,1032
"SRS2",2012-12-17,15,1037
"SRS3",2012-12-17,21,690
"SRS4",2012-12-18,36,835
"SRS5",2012-12-18,59,527
"SRS6",2012-12-18,63,285
"SRS1d",2013-01-08,34,1085
"SRS2",2013-01-08,25,803
"SRS3",2013-01-08,26,543
"SRS4",2013-01-15,44,899
"SRS5",2013-01-15,79,608
"SRS6",2013-01-15,118,211
"SRS4",2013-02-05,43,1266
"SRS5",2013-02-05,44,533
"SRS6",2013-02-05,45,151
"SRS1d",2013-02-12,40,12
"SRS2",2013-02-12,32,43
"SRS3",2013-02-12,37,1340
"SRS1d",2013-03-04,17,29
"SRS2",2013-03-04,12,34
"SRS3",2013-03-04,15,1361
"SRS4",2013-03-07,38,1199
"SRS5",2013-03-07,43,912
"SRS6",2013-03-07,74,213
"SRS4",2013-04-02,106,1007
"SRS5",2013-04-02,47,353
"SRS6",2013-04-02,51,202
"SRS1d",2013-04-04,119,110
"SRS2",2013-04-04,90,92
"SRS3",2013-04-04,99,74
"SRS4",2013-05-01,42,604
"SRS5",2013-05-01,54,198
"SRS6",2013-05-01,54,143
"SRS1d",2013-05-08,32,79
"SRS2",2013-05-08,17,1066
"SRS3",2013-05-08,33,995
"SRS4",2013-06-04,48,788
"SRS5",2013-06-04,35,840
"SRS6",2013-06-04,65,658
"SRS1d",2013-06-20,37,1086
"SRS2",2013-06-20,30,1149
"SRS3",2013-06-20,22,892
"SRS4",2013-07-01,36,701
"SRS5",2013-07-01,136,461
"SRS6",2013-07-01,154,337
"SRS1d",2013-07-11,24,1115
"SRS2",2013-07-11,14,504
"SRS3",2013-07-11,21,350
"SRS4",2013-08-14,33,1015
"SRS5",2013-08-14,52,494
"SRS6",2013-08-14,62,277
"SRS1d",2013-08-16,20,1206
"SRS2",2013-08-16,38,940
"SRS3",2013-08-16,31,739
"SRS4",2013-09-05,36,844
"SRS5",2013-09-05,35,913
"SRS6",2013-09-05,48,515
"SRS1d",2013-09-12,27,858
"SRS2",2013-09-12,16,907
"SRS3",2013-09-12,20,825
"SRS1d",2013-10-24,27,896
"SRS2",2013-10-24,15,832
"SRS3",2013-10-24,16,633
"SRS4",2013-10-28,43,957
"SRS5",2013-10-28,56,856
"SRS6",2013-10-28,67,401
"SRS1d",2013-11-07,19,592
"SRS2",2013-11-07,7,843
"SRS3",2013-11-07,14,686
"SRS4",2013-11-12,27,735
"SRS5",2013-11-12,39,711
"SRS6",2013-11-12,49,378
"SRS4",2013-12-03,36,872
"SRS5",2013-12-03,35,631
"SRS6",2013-12-03,47,398
"SRS1d",2013-12-10,28,1056
"SRS2",2013-12-10,25,752
"SRS3",2013-12-10,14,931
"SRS1d",2014-01-14,13,836
"SRS2",2014-01-14,9,1233
"SRS3",2014-01-14,10,885
"SRS4",2014-01-22,24,1024
"SRS5",2014-01-22,30,624
"SRS6",2014-01-22,44,259
"SRS1d",2014-02-05,25,1166
"SRS2",2014-02-05,29,1373
"SRS3",2014-02-05,14,1102
"SRS4",2014-02-11,36,1046
"SRS5",2014-02-11,37,817
"SRS6",2014-02-11,59,231
"SRS1d",2014-03-06,129,1005
"SRS2",2014-03-06,147,1354
"SRS3",2014-03-06,142,1236
"SRS4",2014-03-19,135,855
"SRS5",2014-03-19,61,356
"SRS6",2014-03-19,76,238
"SRS1d",2014-04-01,28,1260
"SRS2",2014-04-01,30,1343
"SRS3",2014-04-01,45,1222
"SRS4",2014-04-09,64,740
"SRS5",2014-04-09,76,117
"SRS6",2014-04-09,79,73
"SRS4",2014-05-01,59,433
"SRS5",2014-05-01,73,272
"SRS6",2014-05-01,51,184
"SRS1d",2014-05-12,84,128
"SRS2",2014-05-12,32,38
"SRS3",2014-05-12,82,97
"SRS1d",2014-06-02,124,192
"SRS2",2014-06-02,102,147
"SRS3",2014-06-02,134,1255
"SRS4",2014-06-04,131,687
"SRS5",2014-06-04,82,566
"SRS6",2014-06-04,113,351
"SRS4",2014-07-10,38,845
"SRS5",2014-07-10,59,619
"SRS6",2014-07-10,71,273
"SRS1d",2014-07-16,58,1294
"SRS2",2014-07-16,47,1062
"SRS3",2014-07-16,46,484
"SRS4",2014-08-13,39,749
"SRS5",2014-08-13,59,493
"SRS6",2014-08-13,45,507
"SRS1d",2014-08-15,29,1275
"SRS2",2014-08-15,16,914
"SRS3",2014-08-15,29,556
"SRS4",2014-09-09,32,296
"SRS5",2014-09-09,79,572
"SRS6",2014-09-09,62,366
"SRS1d",2014-09-15,25,878
"SRS2",2014-09-15,138,725
"SRS3",2014-09-15,40,561
"SRS4",2014-10-07,27,699
"SRS5",2014-10-07,29,702
"SRS6",2014-10-07,51,424
"SRS1d",2014-10-15,18,1126
"SRS2",2014-10-15,18,1043
"SRS3",2014-10-15,22,1055
"SRS4",2014-11-04,19,905
"SRS5",2014-11-04,34,755
"SRS6",2014-11-04,38,582
"SRS1d",2014-11-10,11,1184
"SRS2",2014-11-10,9,1179
"SRS3",2014-11-10,14,1035
"SRS4",2014-12-02,19,1117
"SRS5",2014-12-02,30,723
"SRS6",2014-12-02,40,357
"SRS1d",2014-12-04,15,1268
"SRS2",2014-12-04,8,1180
"SRS3",2014-12-04,8,1138
"SRS4",2015-01-08,30,837
"SRS5",2015-01-08,43,794
"SRS6",2015-01-08,42,509
"SRS1d",2015-01-13,20,1150
"SRS2",2015-01-13,9,1134
"SRS3",2015-01-13,10,971
"SRS1d",2015-02-02,36,1232
"SRS2",2015-02-02,29,1289
"SRS3",2015-02-02,27,1221
"SRS4",2015-02-09,45,979
"SRS5",2015-02-09,48,679
"SRS6",2015-02-09,55,368
"SRS1d",2015-03-02,54,1383
"SRS2",2015-03-02,27,1352
"SRS3",2015-03-02,35,1205
"SRS4",2015-03-16,56,1092
"SRS5",2015-03-16,60,659
"SRS6",2015-03-16,64,360
"SRS4",2015-04-06,78,852
"SRS5",2015-04-06,70,455
"SRS6",2015-04-06,76,247
"SRS2",2015-04-09,32,91
"SRS3",2015-04-09,82,205
"SRS4",2015-05-04,49,688
"SRS5",2015-05-04,46,540
"SRS6",2015-05-04,49,297
"SRS2",2015-05-27,50,1376
"SRS3",2015-05-27,98,1388
"SRS4",2015-06-02,117,411
"SRS5",2015-06-02,75,224
"SRS6",2015-06-02,124,113
"SRS2",2015-06-23,20,1382
"SRS3",2015-06-23,41,1283
"SRS4",2015-07-01,54,743
"SRS5",2015-07-01,57,432
"SRS6",2015-07-01,61,139
"SRS2",2015-07-13,24,1154
"SRS3",2015-07-13,36,747
"SRS2",2015-08-11,23,1328
"SRS3",2015-08-11,23,412
"SRS4",2015-08-12,49,468
"SRS5",2015-08-12,59,212
"SRS6",2015-08-12,65,131
"SRS4",2015-09-15,45,893
"SRS5",2015-09-15,57,760
"SRS6",2015-09-15,62,518
"SRS1d",2015-09-17,33,71
"SRS2",2015-09-17,20,1284
"SRS3",2015-09-17,22,733
"SRS4",2015-10-01,50,450
"SRS5",2015-10-01,55,279
"SRS6",2015-10-01,55,227
"SRS1d",2015-10-05,25,1351
"SRS2",2015-10-05,17,1249
"SRS3",2015-10-05,22,902
"SRS1d",2015-11-03,31,1286
"SRS2",2015-11-03,30,1172
"SRS3",2015-11-03,30,925
"SRS4",2015-11-10,58,1069
"SRS5",2015-11-10,61,943
"SRS6",2015-11-10,70,565
"SRS4",2015-12-01,44,911
"SRS5",2015-12-01,56,573
"SRS6",2015-12-01,53,394
"SRS1d",2015-12-03,16,1253
"SRS2",2015-12-03,15,1210
"SRS3",2015-12-03,38,939
"SRS4",2016-01-05,42,973
"SRS5",2016-01-05,45,1059
"SRS6",2016-01-05,56,731
"SRS1d",2016-01-07,24,1157
"SRS2",2016-01-07,35,1110
"SRS3",2016-01-07,25,961
"SRS1d",2016-02-02,23,884
"SRS2",2016-02-02,14,769
"SRS3",2016-02-02,14,636
"SRS4",2016-02-11,28,849
"SRS5",2016-02-11,33,694
"SRS6",2016-02-11,52,441
"SRS1d",2016-03-02,27,929
"SRS2",2016-03-02,24,826
"SRS3",2016-03-02,23,881
"SRS4",2016-03-08,45,981
"SRS5",2016-03-08,51,897
"SRS6",2016-03-08,60,409
"SRS1d",2016-04-05,23,1187
"SRS2",2016-04-05,14,1079
"SRS3",2016-04-05,17,1133
"SRS4",2016-04-12,39,996
"SRS5",2016-04-12,55,891
"SRS6",2016-04-12,111,405
"SRS4",2016-05-09,54,1031
"SRS5",2016-05-09,57,717
"SRS6",2016-05-09,66,378
"SRS1d",2016-05-10,27,1103
"SRS2",2016-05-10,21,918
"SRS3",2016-05-10,27,1231
"SRS1d",2016-06-06,25,1171
"SRS2",2016-06-06,19,1044
"SRS3",2016-06-06,19,1280
"SRS4",2016-06-08,102,1000
"SRS5",2016-06-08,82,531
"SRS6",2016-06-08,104,452
"SRS4",2016-07-13,31,941
"SRS5",2016-07-13,49,721
"SRS6",2016-07-13,71,331
"SRS1d",2016-07-19,49,1315
"SRS2",2016-07-19,19,1259
"SRS3",2016-07-19,15,1098
"SRS4",2016-08-02,36,946
"SRS5",2016-08-02,37,869
"SRS6",2016-08-02,50,352
"SRS1d",2016-08-15,21,30
"SRS2",2016-08-15,10,26
"SRS3",2016-08-15,13,928
"SRS4",2016-09-01,29,935
"SRS5",2016-09-01,38,574
"SRS6",2016-09-01,55,557
"SRS1d",2016-09-14,16,805
"SRS2",2016-09-14,14,958
"SRS3",2016-09-14,16,953
"SRS4",2016-10-13,23,791
"SRS5",2016-10-13,34,710
"SRS6",2016-10-13,56,498
"SRS1d",2016-10-20,26,777
"SRS2",2016-10-20,24,730
"SRS3",2016-10-20,23,668
"SRS1d",2016-11-02,14,851
"SRS2",2016-11-02,9,822
"SRS3",2016-11-02,13,727
"SRS4",2016-11-09,26,978
"SRS5",2016-11-09,53,672
"SRS6",2016-11-09,60,442
"SRS1d",2016-12-01,24,1182
"SRS2",2016-12-01,21,1070
"SRS3",2016-12-01,18,1017
"SRS4",2016-12-05,34,1003
"SRS5",2016-12-05,39,720
"SRS6",2016-12-05,57,551
"SRS1d",2017-01-05,60,1301
"SRS2",2017-01-05,89,1368
"SRS3",2017-01-05,46,1165
"SRS4",2017-01-11,41,1042
"SRS5",2017-01-11,52,1008
"SRS6",2017-01-11,58,382
"SRS1d",2017-02-01,22,1378
"SRS2",2017-02-01,24,1360
"SRS3",2017-02-01,29,1302
"SRS4",2017-02-08,38,1163
"SRS5",2017-02-08,45,621
"SRS6",2017-02-08,60,216
"SRS4",2017-03-01,52,1034
"SRS5",2017-03-01,55,762
"SRS6",2017-03-01,59,319
"SRS1d",2017-03-07,49,44
"SRS2",2017-03-07,40,57
"SRS3",2017-03-07,58,36
"SRS4",2017-04-04,55,744
"SRS5",2017-04-04,52,329
"SRS6",2017-04-04,42,199
"SRS1d",2017-04-21,44,69
"SRS2",2017-04-21,149,469
"SRS3",2017-04-21,12,83
"SRS1d",2017-05-04,35,95
"SRS2",2017-05-04,53,127
"SRS3",2017-05-04,43,1099
"SRS4",2017-05-10,51,707
"SRS5",2017-05-10,67,767
"SRS6",2017-05-10,56,305
"SRS4",2017-06-13,71,750
"SRS5",2017-06-13,83,613
"SRS6",2017-06-13,78,460
"SRS1d",2017-06-19,59,1145
"SRS2",2017-06-19,70,1295
"SRS3",2017-06-19,79,968
"SRS4",2017-07-11,43,768
"SRS5",2017-07-11,67,757
"SRS6",2017-07-11,69,588
"SRS1d",2017-07-18,84,1223
"SRS2",2017-07-18,88,1093
"SRS3",2017-07-18,85,864
"SRS4",2017-08-09,69,1173
"SRS5",2017-08-09,61,950
"SRS6",2017-08-09,68,589
"SRS1d",2017-08-11,52,1237
"SRS2",2017-08-11,35,1030
"SRS3",2017-08-11,98,985
"SRS1d",2017-09-29,125,1120
"SRS2",2017-09-29,38,549
"SRS3",2017-09-29,122,558
"SRS4",2017-10-06,57,534
"SRS5",2017-10-06,121,867
"SRS6",2017-10-06,130,703
"SRS1d",2017-10-10,62,879
"SRS2",2017-10-10,100,470
"SRS3",2017-10-10,81,586
"SRS4",2017-11-01,43,880
"SRS5",2017-11-01,57,697
"SRS6",2017-11-01,104,821
"SRS1d",2017-11-07,38,850
"SRS2",2017-11-07,27,490
"SRS3",2017-11-07,32,584
"SRS1d",2017-12-05,38,627
"SRS2",2017-12-05,46,388
"SRS3",2017-12-05,36,629
"SRS4",2017-12-07,50,526
"SRS5",2017-12-07,61,598
"SRS6",2017-12-07,103,451
"SRS1d",2018-01-09,39,1254
"SRS2",2018-01-09,53,1016
"SRS3",2018-01-09,53,1116
"SRS4",2018-01-11,45,1129
"SRS5",2018-01-11,83,965
"SRS6",2018-01-11,89,462
"SRS1d",2018-02-02,51,1386
"SRS2",2018-02-02,22,1122
"SRS3",2018-02-02,27,1217
"SRS4",2018-02-07,45,1144
"SRS5",2018-02-07,39,1088
"SRS6",2018-02-07,95,942
"SRS1d",2018-03-08,24,1341
"SRS2",2018-03-08,28,1215
"SRS3",2018-03-08,23,1156
"SRS4",2018-03-13,139,695
"SRS5",2018-03-13,82,909
"SRS6",2018-03-13,103,448
"SRS1d",2018-04-09,144,67
"SRS2",2018-04-09,128,1357
"SRS3",2018-04-09,126,1305
"SRS4",2018-04-11,146,1023
"SRS5",2018-04-11,152,949
"SRS6",2018-04-11,155,496
"SRS4",2018-05-01,79,951
"SRS5",2018-05-01,87,882
"SRS6",2018-05-01,105,704
"SRS1d",2018-05-10,111,129
"SRS2",2018-05-10,121,111
"SRS3",2018-05-10,127,50
"SRS1d",2018-06-04,68,1195
"SRS2",2018-06-04,39,901
"SRS3",2018-06-04,34,921
"SRS4",2018-06-05,53,877
"SRS5",2018-06-05,117,677
"SRS6",2018-06-05,129,646
"SRS4",2018-07-03,86,587
"SRS5",2018-07-03,80,779
"SRS6",2018-07-03,91,622
"SRS1d",2018-07-12,52,991
"SRS2",2018-07-12,82,829
"SRS3",2018-07-12,65,615
"SRS4",2018-08-08,38,1130
"SRS5",2018-08-08,73,1057
"SRS6",2018-08-08,104,607
"SRS1d",2018-08-10,26,1339
"SRS2",2018-08-10,24,1183
"SRS3",2018-08-10,33,1068
"SRS4",2018-09-10,55,938
"SRS5",2018-09-10,74,875
"SRS6",2018-09-10,85,476
"SRS1d",2018-09-13,49,1127
"SRS2",2018-09-13,44,673
"SRS3",2018-09-13,50,645
"SRS4",2018-10-11,34,1019
"SRS5",2018-10-11,61,960
"SRS6",2018-10-11,78,819
"SRS1d",2018-10-15,21,1372
"SRS2",2018-10-15,20,1142
"SRS3",2018-10-15,25,999
"SRS1d",2018-11-01,33,657
"SRS2",2018-11-01,18,1177
"SRS3",2018-11-01,22,1036
"SRS4",2018-11-05,34,290
"SRS5",2018-11-05,39,536
"SRS6",2018-11-05,76,562
"SRS4",2018-12-04,55,1107
"SRS5",2018-12-04,58,802
"SRS6",2018-12-04,73,492
"SRS1d",2018-12-06,103,86
"SRS2",2018-12-06,79,1309
"SRS3",2018-12-06,96,1256
"SRS1d",2019-01-08,76,1331
"SRS2",2019-01-08,74,1073
"SRS3",2019-01-08,69,1151
"SRS4",2019-01-14,55,1072
"SRS5",2019-01-14,58,765
"SRS6",2019-01-14,61,546
"SRS1d",2019-02-05,33,51
"SRS2",2019-02-05,25,1375
"SRS3",2019-02-05,32,1358
"SRS4",2019-02-14,54,1271
"SRS5",2019-02-14,55,1147
"SRS6",2019-02-14,63,486
"SRS4",2019-03-11,69,1012
"SRS5",2019-03-11,72,550
"SRS6",2019-03-11,81,810
"SRS1d",2019-03-13,76,1342
"SRS2",2019-03-13,77,70
"SRS3",2019-03-13,114,78
"SRS1d",2019-04-03,43,19
"SRS2",2019-04-03,48,68
"SRS3",2019-04-03,82,1369
"SRS4",2019-04-11,55,966
"SRS5",2019-04-11,85,696
"SRS6",2019-04-11,88,616
"SRS1d",2019-05-06,65,107
"SRS2",2019-05-06,89,24
"SRS3",2019-05-06,99,10
"SRS4",2019-05-14,73,990
"SRS5",2019-05-14,84,693
"SRS6",2019-05-14,83,637
"SRS4",2019-06-03,58,1078
"SRS5",2019-06-03,72,669
"SRS6",2019-06-03,90,647
"SRS1d",2019-06-06,31,46
"SRS2",2019-06-06,42,46
"SRS3",2019-06-06,87,1381
"SRS1d",2019-07-01,29,1334
"SRS2",2019-07-01,23,1186
"SRS3",2019-07-01,27,1002
"SRS4",2019-07-16,50,1105
"SRS5",2019-07-16,59,1026
"SRS6",2019-07-16,110,993
"SRS4",2019-08-05,46,700
"SRS5",2019-08-05,82,439
"SRS6",2019-08-05,81,312
"SRS1d",2019-08-06,20,1322
"SRS2",2019-08-06,15,1167
"SRS3",2019-08-06,22,700
"SRS1d",2019-09-10,42,1355
"SRS2",2019-09-10,52,1078
"SRS3",2019-09-10,51,1058
"SRS4",2019-09-12,70,1155
"SRS5",2019-09-12,65,1078
"SRS6",2019-09-12,75,927
"SRS4",2019-10-01,58,997
"SRS5",2019-10-01,67,811
"SRS6",2019-10-01,83,647
"SRS1d",2019-10-07,81,1391
"SRS2",2019-10-07,57,1267
"SRS3",2019-10-07,55,1123
"SRS1d",2019-11-06,51,1363
"SRS2",2019-11-06,54,1273
"SRS3",2019-11-06,51,1176
"SRS4",2019-11-12,51,1160
"SRS5",2019-11-12,78,976
"SRS6",2019-11-12,84,763
"SRS1d",2019-12-10,42,1201
"SRS2",2019-12-10,45,1039
"SRS3",2019-12-10,55,1242
"SRS4",2019-12-12,49,714
"SRS5",2019-12-12,53,1038
"SRS6",2019-12-12,64,716
"SRS1d",2020-01-07,79,100
"SRS2",2020-01-07,123,1307
"SRS3",2020-01-07,63,1261
"SRS4",2020-01-09,68,1202
"SRS5",2020-01-09,68,1123
"SRS6",2020-01-09,67,888
"SRS1d",2020-02-05,25,60
"SRS2",2020-02-05,19,1261
"SRS3",2020-02-05,25,1312
"SRS4",2020-02-12,43,1160
"SRS5",2020-02-12,59,823
"SRS6",2020-02-12,65,564
"SRS1d",2020-03-09,80,102
"SRS2",2020-03-09,75,1349
"SRS3",2020-03-09,79,1334
"SRS4",2020-03-11,58,1132
"SRS5",2020-03-11,68,763
"SRS6",2020-03-11,86,603
"SRS4",2020-05-21,71,1053
"SRS5",2020-05-21,85,830
"SRS6",2020-05-21,62,580
"SRS1d",2020-05-29,100,75
"SRS3",2020-05-29,109,48
"SRS4",2020-06-09,87,1058
"SRS5",2020-06-09,86,888
"SRS6",2020-06-09,101,683
"SRS1d",2020-06-15,45,1345
"SRS2",2020-06-15,52,40
"SRS3",2020-06-15,77,22
"SRS4",2020-07-02,63,1091
"SRS5",2020-07-02,86,754
"SRS6",2020-07-02,92,338
"SRS1d",2020-07-15,47,1353
"SRS2",2020-07-15,63,1347
"SRS3",2020-07-15,57,1109
"SRS4",2020-08-04,107,778
"SRS5",2020-08-04,100,609
"SRS6",2020-08-04,85,436
"SRS1d",2020-08-26,69,1164
"SRS2",2020-08-26,120,1327
"SRS3",2020-08-26,93,339
"SRS1d",2020-09-09,94,1137
"SRS2",2020-09-09,103,782
"SRS3",2020-09-09,64,648
"SRS4",2020-09-15,66,982
"SRS5",2020-09-15,95,1091
"SRS6",2020-09-15,115,576
"SRS4",2020-10-01,26,542
"SRS5",2020-10-01,109,713
"SRS6",2020-10-01,71,602
"SRS1d",2020-10-05,83,1108
"SRS2",2020-10-05,58,800
"SRS3",2020-10-05,69,732
"SRS1d",2020-11-02,95,854
"SRS2",2020-11-02,77,535
"SRS3",2020-11-02,67,570
"SRS4",2020-11-23,63,228
"SRS5",2020-11-23,82,671
"SRS6",2020-11-23,94,457
"SRS1d",2020-12-08,55,1198
"SRS2",2020-12-08,117,555
"SRS3",2020-12-08,67,563
"SRS4",2020-12-10,71,1189
"SRS5",2020-12-10,73,1209
"SRS6",2020-12-10,71,1114
"SRS3",2021-01-11,52,1225
"SRS2",2021-01-11,108,1227
"SRS1d",2021-01-11,60,1245
"SRS4",2021-01-13,50,1219
"SRS5",2021-01-13,65,1128
"SRS6",2021-01-13,58,984
"SRS4",2021-02-03,60,1201
"SRS5",2021-02-03,72,820
"SRS6",2021-02-03,92,439
"SRS3",2021-02-08,4,1235
"SRS2",2021-02-08,80,1267
"SRS1d",2021-02-08,73,1314
"SRS3",2021-03-01,71,1316
"SRS2",2021-03-01,49,1359
"SRS1d",2021-03-01,99,11
"SRS4",2021-03-11,79,1313
"SRS5",2021-03-11,64,1313
"SRS6",2021-03-11,70,903
"SRS3",2021-04-12,45,1390
"SRS2",2021-04-12,40,9
"SRS1d",2021-04-12,40,1387
"SRS4",2021-04-19,70,1245
"SRS5",2021-04-19,84,538
"SRS6",2021-04-19,80,301
"SRS3",2021-05-05,91,1338
"SRS2",2021-05-05,103,1379
"SRS1d",2021-05-05,84,62
"SRS4",2021-05-18,84,1230
"SRS5",2021-05-18,66,847
"SRS6",2021-05-18,83,430
"SRS3",2021-06-03,83,55
"SRS2",2021-06-03,92,45
"SRS1d",2021-06-03,71,76
"SRS4",2021-06-08,72,1176
"SRS5",2021-06-08,64,700
"SRS6",2021-06-08,85,419
"SRS3",2021-07-13,69,1192
"SRS1d",2021-07-13,61,1167
"SRS4",2021-07-15,72,1176
"SRS5",2021-07-15,79,793
"SRS6",2021-07-15,82,538
"SRS2",2021-07-16,85,1293
"SRS3",2021-08-02,64,1189
"SRS2",2021-08-02,85,1053
"SRS1d",2021-08-02,108,1377
"SRS4",2021-08-04,64,993
"SRS5",2021-08-04,87,742
"SRS6",2021-08-04,94,392
"SRS3",2021-09-01,59,1006
"SRS2",2021-09-01,110,1048
"SRS1d",2021-09-01,92,5
"SRS4",2021-09-21,71,887
"SRS5",2021-09-21,75,903
"SRS6",2021-09-21,85,491
"SRS1d",2021-10-04,108,1290
"SRS2",2021-10-04,125,1207
"SRS3",2021-10-04,71,1155
"SRS4",2021-10-06,105,1014
"SRS5",2021-10-06,92,830
"SRS6",2021-10-06,72,529
"SRS3",2021-11-01,66,1239
"SRS2",2021-11-01,100,1329
"SRS1d",2021-11-01,98,1370
"SRS4",2021-11-08,76,1065
"SRS5",2021-11-08,72,930
"SRS6",2021-11-08,70,679
"SRS3",2021-12-01,47,1291
"SRS2",2021-12-01,72,1281
"SRS1d",2021-12-01,58,1317
"SRS4",2021-12-06,63,1235
"SRS5",2021-12-06,63,903
"SRS6",2021-12-06,53,1365
