<?xml version="1.0" encoding="UTF-8"?>
<eml:eml packageId="knb-lter-fce.1193.3"
  system="https://pasta.edirepository.org"
  xmlns:eml="eml://ecoinformatics.org/eml-2.1.0"
  xmlns:xsi="http://www.w3.org/2001/XMLSchema-instance" xsi:schemaLocation="eml://ecoinformatics.org/eml-2.1.0 http://nis.lternet.edu/schemas/eml/eml-2.1.0/eml.xsd">
  <access authSystem="https://pasta.edirepository.org/authentication"
    order="allowFirst" scope="document" system="https://pasta.edirepository.org">
    <allow>
      <principal>uid=FCE,o=lter,dc=ecoinformatics,dc=org</principal>
      <permission>all</permission>
    </allow>
    <allow>
      <principal>public</principal>
      <permission>read</permission>
    </allow>
  </access>
  <dataset id="ST_TDCS_Heithaus_003">
    <alternateIdentifier>ST_TDCS_Heithaus_003</alternateIdentifier>
    <alternateIdentifier system="https://doi.org">doi:10.6073/pasta/299262fa63c46ead98210cb5ea0bcac2</alternateIdentifier>
    <title>Stationary camera observations, set, and environmental data from Shark Bay Marine Park, Western Australia from July 2011 to June 2012</title>
    <creator>
      <individualName>
        <salutation>Dr</salutation>
        <givenName>Michael</givenName>
        <surName>Heithaus</surName>
      </individualName>
      <organizationName>Florida International University, BBC, MSB 250A</organizationName>
      <positionName>coPI</positionName>
      <address>
        <deliveryPoint>3000 NE 151 St</deliveryPoint>
        <city>North Miami</city>
        <administrativeArea>FL</administrativeArea>
        <postalCode>33181</postalCode>
        <country>USA</country>
      </address>
      <phone phonetype="voice">305-919-5234</phone>
      <phone phonetype="fax">305-919-4030</phone>
      <electronicMailAddress>heithaus@fiu.edu</electronicMailAddress>
      <onlineUrl>http://www.fiu.edu/~heithaus/</onlineUrl>
      <userId directory="http://orchid.org">http://orchid.org/0000-0002-3219-1003</userId>
    </creator>
    <creator>
      <individualName>
        <salutation>Dr.</salutation>
        <givenName>Cindy</givenName>
        <surName>Bessey</surName>
      </individualName>
      <address>
        <administrativeArea>Western Australia</administrativeArea>
        <country>Australia</country>
      </address>
      <electronicMailAddress>cindybessey@hotmail.com</electronicMailAddress>
      <userId directory="http://orchid.org">http://orchid.org/0000-0002-4081-0214</userId>
    </creator>
    <metadataProvider>
      <organizationName>Florida Coastal Everglades LTER Program</organizationName>
      <address>
        <deliveryPoint>Florida International University</deliveryPoint>
        <deliveryPoint> University Park</deliveryPoint>
        <deliveryPoint> OE 148</deliveryPoint>
        <city>Miami</city>
        <administrativeArea>FL</administrativeArea>
        <postalCode>33199</postalCode>
        <country>USA</country>
      </address>
      <phone phonetype="voice">305-348-6054</phone>
      <electronicMailAddress>fcelter@fiu.edu  </electronicMailAddress>
      <onlineUrl>http://fcelter.fiu.edu  </onlineUrl>
    </metadataProvider>
    <associatedParty>
      <individualName>
        <givenName>Mike</givenName>
        <surName>Heithaus</surName>
      </individualName>
      <organizationName>Florida International University, BBC, MSB 334</organizationName>
      <address>
        <deliveryPoint>3000 NE 151 St</deliveryPoint>
        <city>North Miami</city>
        <administrativeArea>FL</administrativeArea>
        <postalCode>33181</postalCode>
        <country>USA</country>
      </address>
      <phone phonetype="voice">305-919-5234</phone>
      <electronicMailAddress>Heithaus@fiu.edu</electronicMailAddress>
      <role>Principle Investigator</role>
    </associatedParty>
    <associatedParty>
      <individualName>
        <givenName>Cindy </givenName>
        <surName>Bessey</surName>
      </individualName>
      <organizationName>Florida International University, BBC, MSB 334</organizationName>
      <address>
        <deliveryPoint>3000 NE 151 St</deliveryPoint>
        <city>North Miami</city>
        <administrativeArea>FL</administrativeArea>
        <postalCode>33181</postalCode>
        <country>USA</country>
      </address>
      <electronicMailAddress>cindybessey@hotmail.com</electronicMailAddress>
      <role>graduate student</role>
    </associatedParty>
    <pubDate>2019-10-15</pubDate>
    <abstract>
      <para>This dataset provides information on stationary video cameras set within the study area from 2011 to 2012, including animals viewed along with relevent environmental and camera data. These data provide insight into teleost communities that utilize various habitats within Shark Bay.</para>
    </abstract>
    <keywordSet>
      <keyword>populations</keyword>
      <keyword>seagrass</keyword>
      <keyword>fishes</keyword>
      <keywordThesaurus>LTER Thesaurus</keywordThesaurus>
    </keywordSet>
    <keywordSet>
      <keyword>Shark Bay Eastern Gulf</keyword>
      <keyword>World Heritage Site</keyword>
      <keyword>ecological research</keyword>
      <keyword>long-term monitoring</keyword>
      <keyword>fish communities</keyword>
      <keyword>video analysis</keyword>
      <keyword>marine species</keyword>
      <keyword>microhabitat</keyword>
      <keyword>salinity</keyword>
      <keywordThesaurus>FCE Keyword List</keywordThesaurus>
    </keywordSet>
    <intellectualRights>
      <para>This information is released under the Creative Commons license - Attribution - CC BY (https://creativecommons.org/licenses/by/4.0/). The consumer of these data ("Data User" herein) is required to cite it appropriately in any publication that results from its use. The Data User should realize that these data may be actively used by others for ongoing research and that coordination may be necessary to prevent duplicate publication. The Data User is urged to contact the authors of these data if any questions about methodology or results occur. Where appropriate, the Data User is encouraged to consider collaboration or co-authorship with the authors. The Data User should realize that misinterpretation of data may occur if used out of context of the original study. While substantial efforts are made to ensure the accuracy of data and associated documentation, complete accuracy of data sets cannot be guaranteed. All data are made available "as is." The Data User should be aware, however, that data are updated periodically and it is the responsibility of the Data User to check for new versions of the data. The data authors and the repository where these data were obtained shall not be liable for damages resulting from any use or misinterpretation of the data. Thank you.</para>
    </intellectualRights>
    <distribution>
      <online>
        <url>https://fcelter.fiu.edu/perl/public_data_download.pl?datasetid=ST_TDCS_Heithaus_003.txt</url>
      </online>
    </distribution>
    <coverage>
      <geographicCoverage>
        <geographicDescription>Eastern Gulf of Shark Bay, Western Australia.  Study site is approximately 130 km2 in area and begins immediately north of Monkey Mia, in Shark Bay.</geographicDescription>
        <boundingCoordinates>
          <westBoundingCoordinate>113.662</westBoundingCoordinate>
          <eastBoundingCoordinate>113.796</eastBoundingCoordinate>
          <northBoundingCoordinate>-25.721</northBoundingCoordinate>
          <southBoundingCoordinate>-25.808</southBoundingCoordinate>
        </boundingCoordinates>
      </geographicCoverage>
      <temporalCoverage>
        <rangeOfDates>
          <beginDate>
            <calendarDate>2011-07-17</calendarDate>
          </beginDate>
          <endDate>
            <calendarDate>2012-06-17</calendarDate>
          </endDate>
        </rangeOfDates>
      </temporalCoverage>
    </coverage>
    <maintenance>
      <description>
        <para>This is a short-term trophic dynamic &amp; community structure dataset and subsequent data will be appended. </para>
      </description>
      <changeHistory>
        <changeScope>Made changes to reflect metadata 'Read' only, no data download</changeScope>
        <oldValue>Made changes to reflect metadata 'Read' only, no data download</oldValue>
        <changeDate>2015-03-03</changeDate>
      </changeHistory>
    </maintenance>
    <contact>
      <individualName>
        <givenName>Michael</givenName>
        <surName>Heithaus</surName>
      </individualName>
      <organizationName>FIU/Shark Bay Ecosystem Research Project</organizationName>
      <positionName>Co- PI</positionName>
      <address>
        <deliveryPoint>FIU, BBC, MSB 250J, 3000 NE 151st Street</deliveryPoint>
        <city>North Miami</city>
        <administrativeArea>FL</administrativeArea>
        <postalCode>33181</postalCode>
        <country>USA</country>
      </address>
      <phone phonetype="voice">305-919-5234</phone>
      <phone phonetype="fax">305-919-4030</phone>
      <electronicMailAddress>heithaus@fiu.edu</electronicMailAddress>
    </contact>
    <contact>
      <individualName>
        <givenName>Kirk</givenName>
        <surName>Gastrich</surName>
      </individualName>
      <organizationName>FIU/Shark Bay Ecosystem Research Project</organizationName>
      <positionName>Laboratory manager</positionName>
      <address>
        <deliveryPoint>FIU, BBC, MSB 334, 3000 NE 151st Street</deliveryPoint>
        <city>North Miami</city>
        <administrativeArea>FL</administrativeArea>
        <postalCode>33181</postalCode>
        <country>USA</country>
      </address>
      <phone phonetype="voice">305-919-5243</phone>
      <electronicMailAddress>kgastric@fiu.edu</electronicMailAddress>
    </contact>
    <publisher>
      <organizationName>Florida Coastal Everglades LTER Program</organizationName>
      <address>
        <deliveryPoint>Florida International University</deliveryPoint>
        <deliveryPoint> University Park</deliveryPoint>
        <deliveryPoint> OE 148</deliveryPoint>
        <city>Miami</city>
        <administrativeArea>FL</administrativeArea>
        <postalCode>33199</postalCode>
        <country>USA</country>
      </address>
      <phone phonetype="voice">305-348-6054</phone>
      <electronicMailAddress>fcelter@fiu.edu  </electronicMailAddress>
      <onlineUrl>http://fcelter.fiu.edu  </onlineUrl>
    </publisher>
    <methods>
      <methodStep>
        <description>
          <para>Stationary Underwater Video Camera</para>
        </description>
        <instrumentation>GoPro Cameras monted on the top of custom built I beam frames</instrumentation>
      </methodStep>
      <methodStep>
        <description>
          <para>Water temperature and depth collected at transect start</para>
        </description>
        <instrumentation>Ship-based transducer</instrumentation>
      </methodStep>
      <methodStep>
        <description>
          <para>Weather conditions collected at transect start</para>
        </description>
        <instrumentation>Human observer</instrumentation>
      </methodStep>
      <methodStep>
        <description>
          <para>Video analysis</para>
        </description>
        <instrumentation>human observer</instrumentation>
      </methodStep>
      <methodStep>
        <description>
          <para>Species ID</para>
        </description>
        <instrumentation>human observer</instrumentation>
      </methodStep>
      <sampling>
        <studyExtent>
          <description>
            <para>Eastern Gulf of Shark Bay, Western Australia, North of Monkey Mia</para>
          </description>
        </studyExtent>
        <samplingDescription>
          <para>Fish video data</para>
        </samplingDescription>
        <spatialSamplingUnits>
          <coverage>
            <geographicDescription>Shallow seagrass banks and channels immediately north of Monkey Mia, Shark Bay</geographicDescription>
            <boundingCoordinates>
              <westBoundingCoordinate>113.662</westBoundingCoordinate>
              <eastBoundingCoordinate>113.796</eastBoundingCoordinate>
              <northBoundingCoordinate>-25.721</northBoundingCoordinate>
              <southBoundingCoordinate>-25.808</southBoundingCoordinate>
            </boundingCoordinates>
          </coverage>
          <coverage>
            <geographicDescription>Shallow seagrass banks and channels immediately north of Monkey Mia, Shark Bay</geographicDescription>
            <boundingCoordinates>
              <westBoundingCoordinate>113.662</westBoundingCoordinate>
              <eastBoundingCoordinate>113.796</eastBoundingCoordinate>
              <northBoundingCoordinate>-25.721</northBoundingCoordinate>
              <southBoundingCoordinate>-25.808</southBoundingCoordinate>
            </boundingCoordinates>
          </coverage>
          <coverage>
            <geographicDescription>Shallow seagrass banks and channels immediately north of Monkey Mia, Shark Bay</geographicDescription>
            <boundingCoordinates>
              <westBoundingCoordinate>113.662</westBoundingCoordinate>
              <eastBoundingCoordinate>113.796</eastBoundingCoordinate>
              <northBoundingCoordinate>-25.721</northBoundingCoordinate>
              <southBoundingCoordinate>-25.808</southBoundingCoordinate>
            </boundingCoordinates>
          </coverage>
          <coverage>
            <geographicDescription>Shallow seagrass banks and channels immediately north of Monkey Mia, Shark Bay</geographicDescription>
            <boundingCoordinates>
              <westBoundingCoordinate>113.662</westBoundingCoordinate>
              <eastBoundingCoordinate>113.796</eastBoundingCoordinate>
              <northBoundingCoordinate>-25.721</northBoundingCoordinate>
              <southBoundingCoordinate>-25.808</southBoundingCoordinate>
            </boundingCoordinates>
          </coverage>
          <coverage>
            <geographicDescription>Shallow seagrass banks and channels immediately north of Monkey Mia, Shark Bay</geographicDescription>
            <boundingCoordinates>
              <westBoundingCoordinate>113.662</westBoundingCoordinate>
              <eastBoundingCoordinate>113.796</eastBoundingCoordinate>
              <northBoundingCoordinate>-25.721</northBoundingCoordinate>
              <southBoundingCoordinate>-25.808</southBoundingCoordinate>
            </boundingCoordinates>
          </coverage>
        </spatialSamplingUnits>
      </sampling>
      <qualityControl>
        <description>
          <para>Data are checked against field notes and datasheets after entry.  Data are visually inspected by graduate students and the PI to determine if any values are obviously in error.</para>
        </description>
      </qualityControl>
    </methods>
    <project>
      <title>The ecological importance of intact top-predator populations</title>
      <personnel>
        <individualName>
          <givenName>Mike</givenName>
          <surName>Heithaus</surName>
        </individualName>
        <organizationName>Shark Bay Ecosystem Research Project</organizationName>
        <address>
          <deliveryPoint>Department of Biological Sciences</deliveryPoint>
          <deliveryPoint>Florida International University</deliveryPoint>
          <deliveryPoint>Biscayne Bay Campus</deliveryPoint>
          <deliveryPoint> MSB 250A</deliveryPoint>
          <city>Miami</city>
          <administrativeArea>FL</administrativeArea>
          <postalCode>33199</postalCode>
          <country>USA</country>
        </address>
        <phone phonetype="voice">305-919-5234</phone>
        <electronicMailAddress>Heithaus@fiu.edu</electronicMailAddress>
        <role>Lead Principal Investigator</role>
      </personnel>
      <abstract>
        <para>We are investigating how apex predators (in this case, tiger sharks) can generate behaviorally-mediated trophic cascades that influence the structure, function, and processes of seagrass ecosystems.  This project investigates multiple pathways through which behavioral control of prey can influence ecoystems.</para>
      </abstract>
      <funding>
        <para>NSF OCE0820960, OCE0745606, OCE1329408</para>
      </funding>
      <studyAreaDescription>
        <coverage>
          <geographicCoverage>
            <geographicDescription>The study area occupies approximately 130 km2 in the eastern gulf of Shark Bay, Western Australia, immediately north of Monkey Mia. </geographicDescription>
            <boundingCoordinates>
              <westBoundingCoordinate>113.662</westBoundingCoordinate>
              <eastBoundingCoordinate>113.796</eastBoundingCoordinate>
              <northBoundingCoordinate>-25.721</northBoundingCoordinate>
              <southBoundingCoordinate>-25.808</southBoundingCoordinate>
            </boundingCoordinates>
          </geographicCoverage>
          <temporalCoverage>
            <rangeOfDates>
              <beginDate>
                <calendarDate>2010-05-11 </calendarDate>
              </beginDate>
              <endDate>
                <calendarDate> 2012-07-16</calendarDate>
              </endDate>
            </rangeOfDates>
          </temporalCoverage>
        </coverage>
      </studyAreaDescription>
      <relatedProject id="26">
        <title>Characterization of teleost community structure, habitat associations, and trophic relationships in Shark Bay, Western Australia</title>
        <personnel>
          <individualName>
            <givenName>Mike</givenName>
            <surName>Heithaus</surName>
          </individualName>
          <organizationName>Shark Bay Ecosystem Research Project</organizationName>
          <address>
            <deliveryPoint>Department of Biological Sciences</deliveryPoint>
            <deliveryPoint>Florida International University</deliveryPoint>
            <deliveryPoint>Biscayne Bay Campus</deliveryPoint>
            <deliveryPoint> MSB 250A</deliveryPoint>
            <city>Miami</city>
            <administrativeArea>FL</administrativeArea>
            <postalCode>33199</postalCode>
            <country>USA</country>
          </address>
          <phone phonetype="voice">305-919-5234</phone>
          <electronicMailAddress>Heithaus@fiu.edu</electronicMailAddress>
          <role>Lead Principal Investigator</role>
        </personnel>
        <personnel>
          <individualName>
            <givenName>Cindy</givenName>
            <surName>Bessey</surName>
          </individualName>
          <organizationName>Shark Bay Ecosystem Research Project</organizationName>
          <electronicMailAddress>cindybessey@hotmail.com</electronicMailAddress>
          <role>Graduate Student</role>
        </personnel>
        <abstract>
          <para>We are investigating how apex predators (in this case, tiger sharks) can generate behaviorally-mediated trophic cascades that influence the structure, function, and processes of seagrass ecosystems.  While the larger project focuses on how tiger sharks generate trophic cascades through multiple pathways, this project specifically focuses on teleost communities.</para>
        </abstract>
        <funding>
          <para>NSF Career Grant (2007) OCE0745606</para>
        </funding>
        <studyAreaDescription>
          <coverage>
            <geographicCoverage>
              <geographicDescription>The study area occupies approximately 130 km2 in the eastern gulf of Shark Bay, Western Australia, immediately north of Monkey Mia. </geographicDescription>
              <boundingCoordinates>
                <westBoundingCoordinate>113.662</westBoundingCoordinate>
                <eastBoundingCoordinate>113.796</eastBoundingCoordinate>
                <northBoundingCoordinate>-25.721</northBoundingCoordinate>
                <southBoundingCoordinate>-25.808</southBoundingCoordinate>
              </boundingCoordinates>
            </geographicCoverage>
            <temporalCoverage>
              <rangeOfDates>
                <beginDate>
                  <calendarDate>2010-05-11 </calendarDate>
                </beginDate>
                <endDate>
                  <calendarDate> 2012-07-16</calendarDate>
                </endDate>
              </rangeOfDates>
            </temporalCoverage>
          </coverage>
        </studyAreaDescription>
      </relatedProject>
    </project>
    <dataTable>
      <entityName>ST_TDCS_Heithaus_003.txt</entityName>
      <entityDescription>Stationary camera observations, set, and environmental data from Shark Bay Marine Park, Western Australia</entityDescription>
      <physical>
        <objectName>ST_TDCS_Heithaus_003.txt</objectName>
        <size unit="KB">555</size>
        <authentication method="MD5">6ac5c10e1508342ff64a7f4da2795500</authentication>
        <characterEncoding>ASCII</characterEncoding>
        <dataFormat>
          <textFormat>
            <numHeaderLines>1</numHeaderLines>
            <recordDelimiter>\r\n</recordDelimiter>
            <attributeOrientation>column</attributeOrientation>
            <simpleDelimited>
              <fieldDelimiter>,</fieldDelimiter>
            </simpleDelimited>
          </textFormat>
        </dataFormat>
        <distribution>
          <online>
            <url function="download">https://pasta.lternet.edu/package/data/eml/knb-lter-fce/1193/3/116a30cad90e360d24ce19547f03500e</url>
          </online>
          <access
            authSystem="https://pasta.edirepository.org/authentication"
            order="allowFirst" scope="document" system="https://pasta.edirepository.org">
            <allow>
              <principal>uid=FCE,o=lter,dc=ecoinformatics,dc=org</principal>
              <permission>all</permission>
            </allow>
            <allow>
              <principal>public</principal>
              <permission>read</permission>
            </allow>
          </access>
        </distribution>
      </physical>
      <attributeList>
        <attribute id="att.1">
          <attributeName>VideoNum</attributeName>
          <attributeLabel>Video Number</attributeLabel>
          <attributeDefinition>Video Number</attributeDefinition>
          <storageType>text</storageType>
          <measurementScale>
            <nominal>
              <nonNumericDomain>
                <textDomain>
                  <definition>Video Number</definition>
                </textDomain>
              </nonNumericDomain>
            </nominal>
          </measurementScale>
        </attribute>
        <attribute id="att.2">
          <attributeName>Segment</attributeName>
          <attributeLabel>Video Segment</attributeLabel>
          <attributeDefinition>Video Segment</attributeDefinition>
          <storageType>text</storageType>
          <measurementScale>
            <nominal>
              <nonNumericDomain>
                <textDomain>
                  <definition>Video Segment</definition>
                </textDomain>
              </nonNumericDomain>
            </nominal>
          </measurementScale>
        </attribute>
        <attribute id="att.3">
          <attributeName>TimeStamp</attributeName>
          <attributeLabel>Time Stamp</attributeLabel>
          <attributeDefinition>Time in video the observation was made</attributeDefinition>
          <storageType>datetime</storageType>
          <measurementScale>
            <dateTime>
              <formatString>hh:mm:ss</formatString>
              <dateTimeDomain>
                <bounds>
                  <minimum exclusive="false">00:00:00</minimum>
                  <maximum exclusive="false">00:34:03</maximum>
                </bounds>
              </dateTimeDomain>
            </dateTime>
          </measurementScale>
        </attribute>
        <attribute id="att.4">
          <attributeName>Species</attributeName>
          <attributeLabel>Species</attributeLabel>
          <attributeDefinition>Species observed</attributeDefinition>
          <storageType>text</storageType>
          <measurementScale>
            <nominal>
              <nonNumericDomain>
                <textDomain>
                  <definition>Species observed</definition>
                </textDomain>
              </nonNumericDomain>
            </nominal>
          </measurementScale>
        </attribute>
        <attribute id="att.5">
          <attributeName>Quantity</attributeName>
          <attributeLabel>Quantity</attributeLabel>
          <attributeDefinition>how many of species observed</attributeDefinition>
          <storageType>data</storageType>
          <measurementScale>
            <ratio>
              <unit>
                <standardUnit>number</standardUnit>
              </unit>
              <numericDomain>
                <numberType>integer</numberType>
              </numericDomain>
            </ratio>
          </measurementScale>
          <missingValueCode>
            <code>NA</code>
            <codeExplanation>No usable data recorded</codeExplanation>
          </missingValueCode>
        </attribute>
        <attribute id="att.6">
          <attributeName>Date</attributeName>
          <attributeLabel>Date</attributeLabel>
          <attributeDefinition>Video Collection Date</attributeDefinition>
          <storageType>datetime</storageType>
          <measurementScale>
            <dateTime>
              <formatString>YYYY-MM-DD</formatString>
              <dateTimeDomain>
                <bounds>
                  <minimum exclusive="false">2011-07-17</minimum>
                  <maximum exclusive="false">2012-06-17</maximum>
                </bounds>
              </dateTimeDomain>
            </dateTime>
          </measurementScale>
        </attribute>
        <attribute id="att.7">
          <attributeName>TimeIn</attributeName>
          <attributeLabel>Time In</attributeLabel>
          <attributeDefinition>Time the camera was started</attributeDefinition>
          <storageType>datetime</storageType>
          <measurementScale>
            <dateTime>
              <formatString>hh:mm</formatString>
              <dateTimeDomain>
                <bounds>
                  <minimum exclusive="false">08:15</minimum>
                  <maximum exclusive="false">14:53</maximum>
                </bounds>
              </dateTimeDomain>
            </dateTime>
          </measurementScale>
        </attribute>
        <attribute id="att.8">
          <attributeName>DurationMins</attributeName>
          <attributeLabel>Duration</attributeLabel>
          <attributeDefinition>Minutes of video recorded</attributeDefinition>
          <storageType>data</storageType>
          <measurementScale>
            <ratio>
              <unit>
                <standardUnit>minute</standardUnit>
              </unit>
              <numericDomain>
                <numberType>integer</numberType>
              </numericDomain>
            </ratio>
          </measurementScale>
        </attribute>
        <attribute id="att.9">
          <attributeName>Microhabitat</attributeName>
          <attributeLabel>Microhabitat</attributeLabel>
          <attributeDefinition>Habitat description</attributeDefinition>
          <storageType>text</storageType>
          <measurementScale>
            <nominal>
              <nonNumericDomain>
                <enumeratedDomain>
                  <codeDefinition>
                    <code>interior</code>
                    <definition> &lt;9 ft depth, edge</definition>
                  </codeDefinition>
                </enumeratedDomain>
              </nonNumericDomain>
            </nominal>
          </measurementScale>
        </attribute>
        <attribute id="att.10">
          <attributeName>Substrate</attributeName>
          <attributeLabel>Substrate</attributeLabel>
          <attributeDefinition>camera placement</attributeDefinition>
          <storageType>text</storageType>
          <measurementScale>
            <nominal>
              <nonNumericDomain>
                <textDomain>
                  <definition>camera placement</definition>
                </textDomain>
              </nonNumericDomain>
            </nominal>
          </measurementScale>
        </attribute>
        <attribute id="att.11">
          <attributeName>SeagrassSp</attributeName>
          <attributeLabel>SeagrassSp</attributeLabel>
          <attributeDefinition>seagrass species observed</attributeDefinition>
          <storageType>text</storageType>
          <measurementScale>
            <nominal>
              <nonNumericDomain>
                <enumeratedDomain>
                  <codeDefinition>
                    <code>Amp </code>
                    <definition> Amphibolis antarctica, Pos </definition>
                  </codeDefinition>
                </enumeratedDomain>
              </nonNumericDomain>
            </nominal>
          </measurementScale>
        </attribute>
        <attribute id="att.12">
          <attributeName>Latitude_DD</attributeName>
          <attributeLabel>Latitude_DD</attributeLabel>
          <attributeDefinition>Latitude</attributeDefinition>
          <storageType>coordinate</storageType>
          <measurementScale>
            <ordinal>
              <nonNumericDomain>
                <textDomain>
                  <definition>Latitude</definition>
                </textDomain>
              </nonNumericDomain>
            </ordinal>
          </measurementScale>
          <missingValueCode>
            <code>-9999.00000</code>
            <codeExplanation>Value will never be recorded </codeExplanation>
          </missingValueCode>
        </attribute>
        <attribute id="att.13">
          <attributeName>Longitude_DD</attributeName>
          <attributeLabel>Longitude_DD</attributeLabel>
          <attributeDefinition>Longitude</attributeDefinition>
          <storageType>coordinate</storageType>
          <measurementScale>
            <ordinal>
              <nonNumericDomain>
                <textDomain>
                  <definition>Longitude</definition>
                </textDomain>
              </nonNumericDomain>
            </ordinal>
          </measurementScale>
          <missingValueCode>
            <code>-9999.00000</code>
            <codeExplanation>Value will never be recorded </codeExplanation>
          </missingValueCode>
        </attribute>
        <attribute id="att.14">
          <attributeName>Water_Depth</attributeName>
          <attributeLabel>Water_Depth</attributeLabel>
          <attributeDefinition>water depth in feet</attributeDefinition>
          <storageType>data</storageType>
          <measurementScale>
            <ratio>
              <unit>
                <standardUnit>foot</standardUnit>
              </unit>
              <precision>0.1</precision>
              <numericDomain>
                <numberType>real</numberType>
              </numericDomain>
            </ratio>
          </measurementScale>
          <missingValueCode>
            <code>-9999.0</code>
            <codeExplanation>Value will never be recorded </codeExplanation>
          </missingValueCode>
        </attribute>
        <attribute id="att.15">
          <attributeName>Salinity</attributeName>
          <attributeLabel>Salinity</attributeLabel>
          <attributeDefinition>water salinity in parts per thousand</attributeDefinition>
          <storageType>data</storageType>
          <measurementScale>
            <ratio>
              <unit>
                <customUnit>partsPerThousand</customUnit>
              </unit>
              <precision>1</precision>
              <numericDomain>
                <numberType>integer</numberType>
              </numericDomain>
            </ratio>
          </measurementScale>
          <missingValueCode>
            <code>-9999</code>
            <codeExplanation>Value will never be recorded </codeExplanation>
          </missingValueCode>
        </attribute>
        <attribute id="att.16">
          <attributeName>Beaufort</attributeName>
          <attributeLabel>weather conditions</attributeLabel>
          <attributeDefinition>Beaufort weather scale conditions at deploy</attributeDefinition>
          <storageType>ordinal</storageType>
          <measurementScale>
            <ordinal>
              <nonNumericDomain>
                <enumeratedDomain>
                  <codeDefinition>
                    <code>1</code>
                    <definition>light air, 2</definition>
                  </codeDefinition>
                </enumeratedDomain>
              </nonNumericDomain>
            </ordinal>
          </measurementScale>
        </attribute>
        <attribute id="att.17">
          <attributeName>Tide</attributeName>
          <attributeLabel>Tide</attributeLabel>
          <attributeDefinition>tide when camera was set</attributeDefinition>
          <storageType>text</storageType>
          <measurementScale>
            <nominal>
              <nonNumericDomain>
                <textDomain>
                  <definition>tide when camera was set</definition>
                </textDomain>
              </nonNumericDomain>
            </nominal>
          </measurementScale>
        </attribute>
        <attribute id="att.18">
          <attributeName>LowTide</attributeName>
          <attributeLabel>LowTide</attributeLabel>
          <attributeDefinition>time of low tide</attributeDefinition>
          <storageType>datetime</storageType>
          <measurementScale>
            <dateTime>
              <formatString>hh:mm</formatString>
              <dateTimeDomain>
                <bounds>
                  <minimum exclusive="false">04:47</minimum>
                  <maximum exclusive="false">18:02</maximum>
                </bounds>
              </dateTimeDomain>
            </dateTime>
          </measurementScale>
        </attribute>
        <attribute id="att.19">
          <attributeName>LowLevel_Tide</attributeName>
          <attributeLabel>LowLevel_Tide</attributeLabel>
          <attributeDefinition>level of low tide in meters</attributeDefinition>
          <storageType>data</storageType>
          <measurementScale>
            <ratio>
              <unit>
                <standardUnit>meter</standardUnit>
              </unit>
              <precision>0.01</precision>
              <numericDomain>
                <numberType>real</numberType>
              </numericDomain>
            </ratio>
          </measurementScale>
          <missingValueCode>
            <code>-9999.00</code>
            <codeExplanation>Value will never be recorded </codeExplanation>
          </missingValueCode>
        </attribute>
        <attribute id="att.20">
          <attributeName>HighTide</attributeName>
          <attributeLabel>HighTide</attributeLabel>
          <attributeDefinition>time of high tide</attributeDefinition>
          <storageType>datetime</storageType>
          <measurementScale>
            <dateTime>
              <formatString>hh:mm</formatString>
              <dateTimeDomain>
                <bounds>
                  <minimum exclusive="false">03:34</minimum>
                  <maximum exclusive="false">18:09</maximum>
                </bounds>
              </dateTimeDomain>
            </dateTime>
          </measurementScale>
        </attribute>
        <attribute id="att.21">
          <attributeName>HighLevel_Tide</attributeName>
          <attributeLabel>HighLevel_Tide</attributeLabel>
          <attributeDefinition>level of high tide in meters</attributeDefinition>
          <storageType>data</storageType>
          <measurementScale>
            <ratio>
              <unit>
                <standardUnit>meter</standardUnit>
              </unit>
              <precision>0.01</precision>
              <numericDomain>
                <numberType>real</numberType>
              </numericDomain>
            </ratio>
          </measurementScale>
          <missingValueCode>
            <code>-9999.00</code>
            <codeExplanation>Value will never be recorded </codeExplanation>
          </missingValueCode>
        </attribute>
        <attribute id="att.22">
          <attributeName>Visibility</attributeName>
          <attributeLabel>Visibility</attributeLabel>
          <attributeDefinition>water visibility</attributeDefinition>
          <storageType>text</storageType>
          <measurementScale>
            <nominal>
              <nonNumericDomain>
                <textDomain>
                  <definition>water visibility</definition>
                </textDomain>
              </nonNumericDomain>
            </nominal>
          </measurementScale>
        </attribute>
        <attribute id="att.23">
          <attributeName>WaterTemp</attributeName>
          <attributeLabel>WaterTemp</attributeLabel>
          <attributeDefinition>water temperature in centigrate</attributeDefinition>
          <storageType>data</storageType>
          <measurementScale>
            <ratio>
              <unit>
                <standardUnit>celsius</standardUnit>
              </unit>
              <precision>0.1</precision>
              <numericDomain>
                <numberType>real</numberType>
              </numericDomain>
            </ratio>
          </measurementScale>
          <missingValueCode>
            <code>-9999.0</code>
            <codeExplanation>Value will never be recorded </codeExplanation>
          </missingValueCode>
        </attribute>
        <attribute id="att.24">
          <attributeName>Cloud_cov</attributeName>
          <attributeLabel>Cloud_cov</attributeLabel>
          <attributeDefinition>estimate of cloud coverage in percent</attributeDefinition>
          <storageType>data</storageType>
          <measurementScale>
            <ratio>
              <unit>
                <customUnit>percent</customUnit>
              </unit>
              <precision>1</precision>
              <numericDomain>
                <numberType>integer</numberType>
              </numericDomain>
            </ratio>
          </measurementScale>
          <missingValueCode>
            <code>-9999</code>
            <codeExplanation>Value will never be recorded </codeExplanation>
          </missingValueCode>
        </attribute>
      </attributeList>
      <numberOfRecords>3890</numberOfRecords>
    </dataTable>
  </dataset>
  <additionalMetadata>
    <metadata>
      <stmml:unitList
        xmlns:stmml="http://www.xml-cml.org/schema/stmml-1.1" xsi:schemaLocation="eml://ecoinformatics.org/eml-2.1.0 http://fcelter.fiu.edu/data/eml_schema/eml-2.1.0/stmml.xsd">
        <!--note that the unitTypes here are taken from the eml-unitDictionary.xml-->
        <stmml:unit id="partsPerThousand" multiplierToSI="1"
          name="partsPerThousand" unitType="dimensionless">
          <stmml:description>ratio of two quantities as parts per thousand (1:1000)</stmml:description>
        </stmml:unit>
        <stmml:unit id="percent" multiplierToSI="1" name="percent" unitType="dimensionless">
          <stmml:description>ratio of two quantities as percent composition (1:100)</stmml:description>
        </stmml:unit>
      </stmml:unitList>
    </metadata>
  </additionalMetadata>
  <additionalMetadata>
    <metadata>
      <additionalDataset>
        <researchType>Short-Term</researchType>
        <DatasetDistributionTypeandRestrictions>Not to be distributed to the public before 2019-7-25</DatasetDistributionTypeandRestrictions>
        <LTERsites>
          <sitename>Shark Bay Marine Park</sitename>
        </LTERsites>
        <projectPermits>
          <permit>DEC SF009325</permit>
        </projectPermits>
        <datasetInfoManagementNotes>
          <notes>Empty cells could mean that data may be added with subsequent data set submissions (Powell 2014-09-04)</notes>
        </datasetInfoManagementNotes>
      </additionalDataset>
    </metadata>
  </additionalMetadata>
</eml:eml>
